W1	C1	P1	W2	C2	P2	R	POS
aborrecer	Não é um livro típico da autora e pode aborrecer leitores mais impacientes.	9	aborrecer	Antes de morir, aborrece el espiritismo y prepara una prueba definitiva contra él.	3	0	N
aceso	Na Finlândia, duas velas são acesas no Dia da Independência.	5	acceso	Los sistemas de memoria distribuidos tienen acceso no uniforme a la memoria.	6	0	N/A
aceite	O quadro seguinte apresenta as regras de construção de sufixos mais comummente aceites.	12	aceite	El vino tiene mucha menor importancia con respecto al aceite de oliva en la provincia.	9	0	N
azeite	A oliveira produz azeitonas, que são usadas para fazer azeite.	9	aceite	Asimismo, también se producen grandes volúmenes de aceite de oliva.	7	1	N
Adeus	Era o adeus a qualquer perspectiva de retorno.	2	Adiós	La selección decía adiós al torneo mundialista sin perder un solo choque.	3	1	N
alargar	Lá eles se alargam e se tornam lentos enquanto correm para o oeste.	3	alargar	El nudo se puede ajustar para alargar o acortar la cuerda del arco.	6	0	V
aleijar	Contudo, a sua morte a duramente aleijou e logo desapareceu.	6	alejar	Al principio, sin embargo, ella se alejó de la política.	6	0	V
alguém	Inibir quer dizer, tentar impedir alguém de realizar algo.	5	alguien	También se puede usar sarcásticamente cuando alguien dice lo obvio o demuestra falta de sabiduría o inteligencia.	6	1	IND
aliança	Uma aliança política pode ser celebrada em o plano internacional ou em o plano nacional.	1	alianza	Entonces se forma una alianza entre los mexicanos y varios otros grupos.	4	1	N
aliás	Aliás, nada impede que isso ocorra agora, em este exato momento.	0	alias	Tras su muerte se le mencionaba con el alias del Ausente o el Mártir.	8	0	A
andar	O sétimo andar foi concluído em 1319.	2	andar	Sin embargo, los signos de que algo andaba mal eran cada vez más visibles.	7	0	N/V
ano	Quase mil anos depois, começou o processo de domesticação de plantas, sedentarização e aparecimento de novas tecnologias em a região andina.	2	ano	Por detrás del estómago se encuentra un intestino que acaba a través del ano en la cavidad paleal.	13	0	N
apagar	É possível apagar estas imagens sem esperar por os 15 dias?	2	apagar	El motor funciona durante cuatro minutos y medio, y luego se apaga automáticamente.	11	0	V
aparato	Estes aparatos que proporcionam a visão noturna artificial são câmeras portáteis.	1	aparato	Modernamente la salsa se puede montar con batidora u otros aparatos similares.	10	1	N
apenas	Com apenas 50 metros de extensão, tem águas verdes e ondas fortes.	1	apenas	El matrimonio apenas duró 10 meses, Emma se separó y se fue a Nueva York.	2	0	A
abertura	Este curta-metragem seria usado então na sequência de abertura.	8	apertura	El acto de apertura finalizó con las estrofas del Himno Nacional Argentino.	3	1	N
aproveitar	Muitas orquídeas aproveitam esse comportamento inato para se reproduzir.	2	aprovechar	También nacen varias vertientes que se aprovechan para consumo humano.	6	1	V
apurar	Já a Polícia Civil tem o objetivo de combater e apurar as ocorrências de crimes e infrações.	10	apurar	Ella reconoció que apuraron su matrimonio debido a que había quedado embarazada.	3	0	V
armadilho	Ele só não pensava que alguém estivesse vigiando essa rotina e inclusive preparasse uma armadilha.	14	armadillo	Su fauna se conforma por armadillo, conejo, coyote y ardilla.	5	0	N
harmonia	Os animais vivem em harmonia total com a natureza.	4	armonía	Era, pues, aquella, una bandera que significaba unión y armonía.	9	1	N
assinar	Assinou um contrato de quatro anos com a equipe carioca.	0	asignar	El sistema actual asigna un número romano a cada distrito junto con su nombre.	3	0	V
assinatura	A dramaturgia surge com a assinatura de algumas peças de teatro assumindo se também como realizador.	5	asignatura	Según Harry, esa asignatura sería más interesante dada por cualquier otro profesor.	3	0	N
aula	Entrementes ganhava a vida dando aulas e concertos privados, e continuou a compor.	5	aula	Disponen de espacios comunes, aulas de informática, lugares reservados para el ocio con préstamo de diversos juegos, despachos y salas de reuniones.	4	0	N
ajuda	Não havia nenhuma política de recuperação social ou ajuda financeira.	8	ayuda	Actualmente realiza proyectos de urbanización, equipo médico y ayuda social.	8	1	N
azar	 Um exemplo comum no Brasil é a crença de que quebrar um espelho causa sete anos de azar.	17	azar	Prosperaron el hambre, la prostitución y los juegos de azar.	9	0	N
balcão	Nesta localidade existem vários balcões bancários e comerciais.	4	balcón	También existen balcones de hierro de forja y de fundición.	2	0	N
balão	No nível orbital estão os balões meteorológicos e os satélites.	5	balón	En el deporte del waterpolo hay varias formas de pasar el balón.	11	0	N
barata	Kafka descreve este inseto como algo parecido com uma barata gigante.	9	barata	O cánula rígida, más barata pero menos eficaz.	4	0	N/A
bárbaro	Com isso, permaneciam constantes as ameaças bárbaras.	6	bárbaro	Bárbaros y árabes también pasaron por estas tierras.	0	1	A
vassoura	Por isso o seu símbolo de campanha era uma vassoura.	9	basura	Uno de los principales problemas de la ciudad es la basura.	10	0	N
batata	As produções principais são a batata, o centeio, castanha e pastagens para gado ovino.	5	batata	La papa y la batata son alimentos ampliamente utilizados desde tiempos precolombinos.	4	0	N
beca	beca preta, samarra e capelo na cor de a área de conhecimento do doutor.	0	beca	Reciben una beca que cubre sustento, hospedaje y otros gastos.	2	0	N
bengala	 Outros ainda necessitam de uma bengala de apoio.	5	bengala	Durante la noche, las fuerzas israelíes dispararon bengalas iluminando los campamentos.	7	0	N
bilhete	Estocolmo tem um sistema municipal comum de bilhetes, que permite uma fácil viagem entre os diferentes tipos de transporte.	7	billete	La forma de los billetes era muy parecida a la de los dólares estadounidenses.	4	0	N
bilheteira	Este filme também foi um sucesso de bilheteira e teve críticas positivas.	7	billetera	También encontraron una identificación de Grandes Ligas en su billetera.	9	0	N
bocado	Só que já é um bocado comprido.	5	bocado	Pueden sobrevivir largos períodos sin probar bocado.	6	0	N
bola	Caso a bola caia, é ponto do time adversário.	2	bola	Un locutor o cantor va sacando bolas de el bombo, cantando los números en voz alta.	6	0	N
bolso	Os relógios de bolso eram símbolo da alta aristocracia.	3	bolso	Se consolidó también como diseñadora de bolsos, perfumes, sombreros y joyas.	6	0	N
bote	O navio afunda e os sobreviventes escapam em botes salva-vidas.	8	bote	Los botes de farmacia estaban decorados con relieves y tenían un pequeño estrechamiento en el centro.	1	0	N
brincar	As crianças brincavam e se divertiam enquanto as mulheres lavavam roupas.	2	brincar	Entonces, con las lágrimas corriéndole por las mejillas, brincó hacia la libertad como un ciervo asustado.	8	0	V
brinco	Podiam ser diademas, colares, brincos, pulseiras, anéis e cintos.	5	brinco	Alejandro giró la cabeza del caballo hacia el sol, cegándole y subiéndose de un solo brinco al caballo.	17	0	N
cada	Para as diferenças construtivas, consulte os artigos de cada variedade de guitarra.	8	cada	Cada uno de los distritos municipales está administrado por un concejal.	0	1	C
cadeira	A cadeira de presidente deixou de estar vaga após uma decisão do Supremo Tribunal Federal.	1	cadera	A la artrosis de las caderas se le llama coxartrosis.	5	0	N
caixão	Os cadáveres eram postos em caixões de madeira rodeados por objetos funerários.	5	cajón	Y tocó el cajón.	3	0	N
calhar	Se calhar não é tecnicamente possível colocar um aviso em todas as páginas de edição.	1	callar	En este caso, decir la verdad equivale a cooperar, a callarse.	10	0	V
camada	Para o funcionamento da Internet existem três camadas de protocolos.	7	camada	Nacen entre cuatro y seis lobeznos por camada.	7	0	N
câmara	A Câmara Municipal é composta, para além de o presidente, por nove vereadores.	1	cámara	En una cámara oscura se deja entrar un haz de luz por una rendija estrecha.	2	0	N
camarote	A sala tem capacidade para espectadores e 22 camarotes.	8	camarote	A proa, se ubicaban los últimos camarotes para los fogoneros.	6	0	N
carpete	As carpetes de seda podem ter mais de nós por metro quadrado.	1	carpeta	Se crea el archivo en la carpeta 3.	6	0	N
carro	Carros novos e usados não são caros.	0	carro	Ninguna mujer afgana tenía el derecho de ser transportada en el mismo carro que los extranjeros.	12	0	N
carruagem	Os comboios que circulavam na rede tinham apenas duas carruagens.	9	carruaje	La mayoría de los visitantes alquilan bicicletas o pasean en carruajes.	10	0	N
cartão	A companhia é conhecida pelos seus serviços de cartões de crédito.	8	cartón	En muchos países es obligatorio que el cartón se elabore total o parcialmente con materiales reciclados.	7	0	N
caçar	Outras populações preferem caçar focas.	3	casar	Dee se casó dos veces y tuvo ocho hijos.	2	0	V
cave	Por fim foram assassinados na cave da vivenda.	5	cava	España es el primer productor mundial de vino, cava y aceite de oliva.	8	0	N
selos	É frequente encontrar coleções com apenas selos de um país, assim como de qualquer lugar do mundo.	6	celos	Cervantes declara haber compuesto gran número de romances, entre los cuales estimaba especialmente uno sobre los celos.	16	0	N
cena	Os discos incluem documentários, entrevistas, cenas apagadas e inéditas, além de mais modificações.	5	cena	Se consumen tanto en el desayuno como la cena y también se venden como comida rápida.	8	0	N
cerca	A caspa ocorre em cerca de metade da população adulta.	4	cerca	Su perímetro fue cerrado por una cerca y se plantaron abundantes árboles frutales y de sombra.	6	0	N/R
chatear	Qual é que é o ponto de andar a chatear outras pessoas?	9	chatear	Se puede caminar alrededor, chatear con otros personajes, explorar y crear salas de conversación, descripciones e ítems.	4	0	N
coxa	Os membros inferiores são divididos em quadril, coxa, perna e pé.	7	coja	La NBA se quedaba de nuevo coja.	6	0	N/A
cola	Os atletas utilizam uma cola especial ( resina usada a partir do escalão de Juvenis ) nas mãos para ter um contato mais firme com a bola.	4	cola	Los perritos de cola negra y los mexicanos tienen una cola de punta negra.	3	0	N
conceito	De forma simplificada podemos identificar este fluxo no conceito de logística.	8	concepto	El concepto opuesto a radiosensibilidad, es radioresistencia.	1	1	N
convicto	Foi um liberal convicto.	3	convicto	Solo algunos convictos dejaron registros escritos de lo que sucedía allí.	2	0	A/N
comboio	Os comboios ligam toda a ilha.	1	convoy	Su conclusión fue que algunos convoyes grandes son más defendibles que muchos pequeños.	5	0	N
cooperação	A agricultura incentivou o comércio e a cooperação, resultando em sociedades complexas.	7	cooperación	También sugiere una cooperación de la ciencia moderna y la tradición indígena.	3	1	N
copo	A higiene com pratos, talheres e copos sempre foi constante.	6	copo	Existen dos explicaciones posibles ampliamente conocidas sobre la simetría de los copos de nieve.	11	0	N
corrida	A ciclovia é muito utilizada para prática de corrida e caminhada dos campo bonenses.	8	corrida	Las reacciones a las corridas de toros son variadas.	4	0	N
corrente	As correntes contínuas podem ser constantes ou pulsantes.	1	corriente	El indigenismo fue una de las corrientes más importantes en la pintura peruana.	6	0	N/A
criança	Muitas crianças sofrem casamentos forçados e a violência doméstica é generalizada.	1	crianza	La crianza de ganado era óptima por las condiciones de el suelo.	1	0	N/A
quarto	Em agosto o Barcelona conquistou seu quarto título no ano.	6	cuarto	Mucho material que no vio la luz en su momento fue grabado entre el lanzamiento del tercer álbum y el del cuarto.	21	1	N/IND
coelho	Existe também uma variante de este prato preparada com coelho e caracóis.	9	cuello	La cabeza es ancha, triangular y bien diferenciada del cuello.	9	0	N
cuidado	Este é um reagente para ser usado com cuidado, usando luvas e óculos de segurança.	8	cuidado	Hay que tener cuidado con las dermatitis, alergias o eczemas en la piel.	3	1	N
culturais	Eventos como o carnaval e as festas juninas, além dos grupos de dança, folclore, gastronomia, música e teatro locais, também se fazem presentes como atrativos culturais.	25	culturales	Las diferencias culturales no están enmarcadas dentro de las fronteras nacionales.	2	1	A
comprido	Tem um pescoço comprido que termina numa cabeça afilada e bico longo.	3	cumplido	En muchos hogares se matan cerdos y se convive por igual entre ricos y pobres, como un cumplido, ya que en la muerte no hay distinciones.	17	0	A
cumprimentar	Presidente e vice devem seguir para o parlatório e cumprimentar o povo.	9	cumplimentar	Fue probablemente, con la intención de cumplimentar a uno de los amigos nobles de Verrazzano.	6	0	V
demasiado	A verdade era demasiado difícil de aceitar.	3	demasiado	Es demasiado tarde para intentar una operación.	1	1	R
dependente	O país desenvolveu seu programa nuclear sem ser excessivamente dependente de tecnologia estrangeira.	9	dependiente	Los primeros comercios de comestibles fueron tiendas con mostrador, en las cuales los compradores pedían al dependiente lo que querían, y este lo buscaba para el comprador.	16	0	N/A
direito	O direito privado inclui, na lei, nomeadamente o direito penal e civil.	1	derecho	En derecho penal se afronta un reto en cuanto la sanción y clasificación de los delitos, ya que el delito se define como una conducta que es sancionada por las leyes de defensa social.	1	1	N
desejável	É considerado como um reino de nascimento desejável, mas ao mesmo tempo difícil.	7	desechable	En caso de bebidas, se ofrece una pequeña cantidad en vaso desechable.	11	0	A
despido	Sua imagem mágica é uma mulher bonita e despida.	8	despido	Se realizaron miles de despidos en la factoría.	4	0	A
dezembro	Em dezembro é comemorado o dia de Nossa Senhora da Conceição, padroeira do município.	1	diciembre	Son datileras y es en diciembre cuando dan su fruto.	5	1	N
diferente	Outro conceito apresentado é utilizar pessoas e organizações diferentes para a implementação e para a verificação.	8	diferente	Las jirafas se ven afectadas por diferentes parásitos.	6	1	A
direção	São rios pequenos que deságuam em diversas direções abrangendo dunas e praias.	7	dirección	Su dirección es 8687 N. Central Expressway, Dallas Texas 75225.	1	0	N
direção	Hoje é uma instituição concebida para o ensino de alunos sob a direção de professores.	12	dirección	Para tener un sitio web es necesario tener un dominio, una dirección de Internet.	11	0	N
desenhar	Sem tecnologia, artistas desenham imagens ópticas à mão.	3	diseñar	Para conseguir un equilibrio entre estos factores se han llegado a diseñar parches resonadores perforados.	11	0	V
doce	É doce e a sua fermentação por leveduras é muito utilizada comercialmente.	1	doce	Dieciocho regentes son designados por el gobernador para un mandato de doce años.	11	0	N
eleitos	Eles são eleitos pelo voto popular a partir de círculos pronominais para um mandato de quatro anos.	2	elegidos	Otros tres oficiales también son elegidos por la población para mandados de cuatro años de duración.	5	1	A
embutido	Aglomerados embutidos são aglomerados estelares que estão total ou parcialmente encaixados em poeira ou gás interestelar.	1	embutido	Hay que destacar sus embutidos, sus notables quesos, la miel y los licores.	4	0	N
empurrar	O vento empurra a vela sempre segundo um ângulo perpendicular ao plano que ela define.	2	empujar	Esta escoba tiene más anchura para empujar mejor la suciedad.	6	1	V
encerrar	Os tribunais ainda não encerraram esta questão.	4	encerrar	Su padre lo reprendió severamente, tanto que lo encadenó y lo encerró en un calabozo.	11	0	V
encontrar	Os usuários encontraram problemas na aplicação durante os testes.	2	encontrar	Cuando la búsqueda no encuentra el artículo, haz clic en el enlace rojo.	4	1	V
encosta	Os fragmentos de lava combinam se para formar rios de lava que escorrem pela encosta.	14	encuesta	Todos los animales representados en las encuestas se encuentran en las diferentes provincias andaluzas.	6	0	N
eremita	A segunda propunha que os eremitas estabelecessem vínculos com um mosteiro.	5	ermita	Ya en la ermita se procede a una ofrenda floral.	3	0	N
escova	Porém, ainda é bastante comum a utilização de a escova manual.	9	escoba	Otras teorías mencionan que la escoba pudo haber sido utilizada para administrar se determinadas drogas.	5	0	N
escritório	Atualmente a zona é ocupada predominantemente por lojas e escritórios com poucas moradias.	7	escritorio	Su padre era dueño de una tienda de venta de escritorios y tenía tres hermanos.	10	0	N
esforços	Esforços também foram tomados com algas geneticamente modificadas num biorreator.	0	esfuerzos	La cinta relata la tragedia de la atrapada tripulación de un sumergible que se hunde sin remedio y sus desesperados esfuerzos por sobrevivir.	20	1	N
espantoso	As peças shakespearianas são peculiares, complexas, misteriosas e com um fundo psicológico espantoso.	12	espantoso	En 1508 se padeció una espantosa inundación.	5	0	A
espécie	Ainda existem em Madagascar mais de quarenta espécies de primatas.	7	especia	Los etruscos, que empezaron a familiarizarse con este aceite gracias al comercio con los griegos, le añadieron hierbas y especias.	19	0	N
Estados	Os Estados Unidos não exigem vistos de saída.	1	Estados	La Copa América volvió a Estados Unidos 15 años después.	5	1	N
esperto	Mas Filipe era esperto demais.	3	experto	Es un experto impresor, dibujante, pintor, escultor y ceramista.	2	0	A
exploração	Esta localidade serviu de apoio para a exploração das minas de ouro.	7	exploración	El diagnóstico viene dado por la clínica, la exploración física y las pruebas de imagen.	8	0	N
explorar	Alguns autores exploram o tema da teoria dos astronautas antigos.	2	explotar	Se explotan canteras de yeso, caolín y arcillas.	1	0	V
estranhar	Por esta razão, não é de estranhar que muitas sejam as receitas conventuais aqui existentes.	6	extrañar	Se extraña la pesca deportiva.	1	0	V
fevereiro	O período chuvoso começa em fevereiro e termina em outubro.	5	febrero	Florecen en enero y febrero en su hábitat.	4	1	N
fechar	A equipe de selamento fechou a escotilha e a cabine foi purgada e pressurizada.	4	fechar	Incluye principales acontecimientos que se fecharon según sus cálculos.	6	0	V
firma	Foi uma aliança até então inédita entre uma firma americana e outra japonesa.	8	firma	Con la firma del armisticio la Franja quedó ocupada y administrada por Egipto.	2	0	N
fortalecimento	O objetivo era modernizar o império, com ênfase primordial em o fortalecimento de as forças armadas.	11	fortalecimiento	Dieron a conocer que en el movimiento está inspirado en la razón ciudadana y que busca el fortalecimiento de el partido.	17	1	N
frente	Outro fosso foi criado em frente da nova muralha.	5	frente	De todas formas, el reino se fortaleció frente a sus oponentes.	7	0	N
força	Em todos os setores que atacavam, os soviéticos possuíam força avassaladora.	9	fuerza	Luego midió la fuerza entre ellas observando el ángulo que giraba la barra.	3	1	N
gajo	Os gajos que vivem lá têm todos a mania de falar castelhano.	1	gajo	Se propaga por semillas, esquejes y por gajos.	7	0	N
Governo	Como solução apontada está o esforço em conjunto entre a sociedade, governos locais e empresas.	11	Gobierno	Había un gran descontento con el gobierno estatal entre la población.	6	1	N
grau	O grau de resistência, elasticidade e a cor de o pelo dependem de sua estrutura.	1	grado	Dicha mecánica suele ser simple en cuanto a reglamento, aunque puede permitir un alto grado de complejidad táctica o estratégica.	14	1	N
grande	Grandes teatros e eventos são alguns de os atrativos de essa cidade.	0	grande	La primera fase se desarrolló sin grandes sorpresas.	6	1	A
graxa	Entretanto, graxas e óleos não se dissolvem em água.	1	grasa	Las personas que no pueden absorber grasas suelen tener una diarrea crónica.	6	0	N
grifo	Os grifos eram as criaturas consagradas a Apolo, segundo a mitologia grega.	1	grifo	El agua del grifo no es apta para consumo humano.	3	0	N
guarda-costas	Três guarda-costas correram para o lado de o rei.	1	guardacostas	Mónaco no dispone de ejército propio, pero tiene un pequeño grupo de guardacostas.	12	0	N
alagar	As chuvas alagam a área com frequência, e por isso os proprietários foram desapropriados.”	2	halagar	El poeta griego Píndaro empleó etimologías creativas para halagar a sus mecenas.	8	0	V
olho	Como não têm pálpebras, seus olhos ficam sempre abertos.	5	hoyo	Se construían sobre un hoyo en el suelo de forma similar a una letrina.	4	0	N
ícone	Fez tanto sucesso que a sua imagem se volveu um ícone que perdurou no tempo.	10	icono	Estos papeles, entre otros, lo convirtieron en un icono cultural de masculinidad.	8	1	N
icterícia	Em casos graves pode causar icterícia, convulsões, coma ou morte.	5	ictericia	La mayoría de los casos de infección aguda no están asociados con la ictericia.	13	1	N
ideal	As águas calmas das lagoas são ideais para insetos e outros invertebrados aquáticos.	6	ideal	El clima húmedo la hizo ideal en el Reino Unido.	5	1	A
idealista	Não há níveis de realidade como concebiam os idealistas.	8	idealista	Tales ideas más que empíricas responden a un sentido idealista.	9	1	A
idêntico	Os tetrarcas apareciam idênticos em todos retratos oficiais.	3	idéntico	También se ha hecho bastante popular la prensa gratuita que suele distribuirse con idéntico patrón.	13	1	A
idiossincrasia	Estas idiossincrasias foram removidas de versões mais recentes da linguagem.	1	idiosincrasia	En gran parte por la idiosincrasia del pueblo navarro.	5	1	A
igreja	Os templos eram, às vezes convertidos em igrejas ou abandonados no deserto.	7	iglesia	La iglesia se encuentra como el castillo dentro de el recinto amurallado.	1	1	N
igualdade	As novas teorias exigem então a igualdade real e não apenas a ideal.	6	igualdad	La categoría femenina tuvo mayor igualdad.	5	1	N
iguana	Iguanas podem ser criados em terrário tropical úmido, por habitar florestas tropicais.	0	iguana	Aquí habitan focas peleteras, iguanas marinas y tortugas verdes.	4	1	N
ilusão	Mas a ilusão não demorou a desaparecer.	2	ilusión	La ilusión era la de un sistema mucho más rápido.	1	1	N
ilusão	O que vemos é sempre, em certa medida, uma ilusão.	9	ilusión	Esta tradición mantiene viva la ilusión infantil, algo perdida en nuestros tiempos.	5	0	N
imagem	É a união do texto com a imagem.	7	imagen	No se admitirán iconos, imágenes ni otros recursos gráficos.	4	1	N
impacto	Construção equilibrada, sem impacto ambiental, onde os edifícios de muitos pisos não têm lugar.	3	impacto	Poco a poco, el impacto de las actividades humanas comenzó a dañar estas poblaciones frágiles.	4	1	A
ímpar	Existe infinitos números defectivos pares e números defectivos ímpares.	8	impar	Las elecciones se realizan el tercer sábado de el mes de octubre de los años impares.	15	1	A
impecável	É cuidadosa com os afazeres domésticos, deixando a casa sempre impecável.	10	impecable	El césped, los árboles y las flores se mantienen impecables.	9	1	A
impedir	Identificar os estágios iniciais de malária pode impedir que a doença se torne fatal.	7	impedir	Puede generar hipotiroidismo al impedir la entrada del yodo a la hormona tiroidea.	4	1	V
imperativo	O imperativo é indeterminado em tempo.	1	imperativo	Los verbos pueden conjugarse en indicativo, subjuntivo, condicional e imperativo.	9	1	A
imperial	Em ambas, o exército imperial foi derrotado.	4	imperial	Estaba dedicado a las actividades gimnásticas y se construyó en época imperial.	11	1	A
imperialismo	Em suas pesquisas especializou-se na análise do populismo e do imperialismo.	10	imperialismo	La prensa de ambos países dio ánimos al imperialismo más apasionado.	8	1	A
império	Era um império constituído por um conglomerado de territórios herdados, anexados ou conquistados.	2	imperio	Los siguientes factores fueron determinantes en la conquista del imperio incaico.	9	1	A
impessoal	A propriedade torna se muito impessoal.	5	impersonal	Lo que les fuerza a trabajar es el poder impersonal de la economía.	9	1	A
implacável	Outras menções relacionando à guerra lhe associam um caráter implacável.	9	implacable	Llevó a cabo una represión implacable contra sus oponentes políticos.	5	1	A
implantar	Já denominados como normandos, esses implantaram o sistema feudal nos países que conquistavam.	5	implantar	Se implanta un sistema colonial.	1	1	V
implante	Esse complexo é aparelhado para cirurgias, implantes, transplantes e medicina nuclear.	6	implante	Las cenizas de incineraciones humanas pueden contener restos de metales de empastes y otros implantes.	14	1	N
importação	Em alguns, tem-se tentado reduzir a importação, incentivando a industrialização de produtos básicos.	6	importación	Es frecuente que el valor de las importaciones supere el valor de las exportaciones.	7	1	N
impossibilidade	Entretanto outros consideram a imortalidade como impossibilidade de morrer.	6	imposibilidad	De ahí el carácter adictivo de su mecanismo mental y la imposibilidad de detenerse.	11	1	A
impossível	É praticamente impossível sofrer uma overdose de sálvia quando esta é usada normalmente.	2	imposible	Hoy es imposible dar un número concreto de víctimas.	2	1	A
imprensa	Foi uma celebração gigantesca que chamou a atenção da imprensa mundial.	9	imprenta	De esta forma la libertad de imprenta queda en control del ejecutivo.	6	0	N
imprimir	Existem impressoras a laser que imprimem colorido, além de a cor preta tradicional.	5	imprimir	La obra consta de 8 capítulos pero el octavo no se pudo imprimir por cuestiones financieras.	12	1	V
improvável	É improvável que isso tenha incomodado muito a sua consciência.	1	improbable	Esto sería algo extremadamente improbable.	4	1	A
impronunciável	Os nomes dos personagens são praticamente impronunciáveis.	6	impronunciable	El apellido de Spock, que nunca se ha mencionado en la serie, es impronunciable para los humanos.	13	1	A
impróprio	Isto foi feito para remover conteúdo considerado impróprio para crianças, como drogas e racismo.	7	impropio	Resultaría impropio o ridículo usar indistintamente ambas variantes.	1	1	A
improvisar	Como não há praias, improvisaram um píer.	4	improvisar	Allí improvisan una cama para dormir y recuperar fuerzas	1	1	V
impulsionar	O desenvolvimento impulsiona o emprego, o crescimento populacional e o baixo desemprego.	2	impulsar	Impulsó así el desarrollo del género ensayístico.	0	1	V
impulsivo	Este ordenou a sua libertação, repreendendo o seu irmão por ser impulsivo.	11	impulsivo	Era notablemente impulsivo, temperamental, poco fiable y grosero con quienes trabajaba.	2	1	A
impulso	rante o Renascimento a cidade viveu uma época de grande impulso arquitetônico e cultural.	10	impulso	A partir de entonces se dio un increíble impulso a la colonización.	8	1	N
impureza	Traços de impurezas de ferro e alumínio estão invariavelmente presentes.	2	impureza	Su función es proteger la zona crítica de la soldadura de oxidaciones e impurezas exteriores.	13	1	N
impuro	Comum em arenitos e folhelhos, assim como em margas e calcários impuros.	11	impuro	Mosander descubrió el elemento lantano en el nitrato de cerio impuro.	10	1	A
inacessível	Eles, avisados, estavam escondidos nos montes vizinhos, inacessíveis e desconhecidos.	7	inaccesible	Semejante a una divinidad casi inaccesible.	5	1	A
inaceitável	Para um samurai, a perda da honra era inaceitável.	8	inaceptable	Cualquier mujer que rompiera este código de honor era deshonrosa e inaceptable.	11	1	A
inadequado	Alguns escritores consideram esta definição inadequada.	5	inadecuado	Por el contrario, los factores de riesgo psicológico incluyen fumar, consumo excesivo de alcohol, hostilidad, estrés en el trabajo y funcionamiento sexual inadecuado.	22	1	A
inadmissível	Fazeres o que fizeste é, simplesmente, inadmissível.	6	inadmisible	También defendió la separación amistosa de republicanos y socialistas y consideró inadmisible la lucha de clases, aunque aceptando que era necesario hacer reformas sociales.	11	1	A
incalculável	Pode aumentar sua força a níveis incalculáveis, e é quase indestrutível.	6	incalculable	Uno a uno van cayendo los caballeros ante el número incalculable de moros que les acosan.	10	1	A
incansável	Foi um investigador incansável.	3	incansable	Su carrera había resultado mucho más exitosa de lo esperado, gracias a su incansable trabajo.	13	1	A
incapaz	Ele foi incapaz de voltar no ano seguinte como planeado.	2	incapaz	Él no llevaba sus lentes y fue incapaz de impactar a los tiradores.	7	1	A
incentivo	Ainda há programas de incentivo à prática de esportes.	4	incentivo	Eso es, creo yo, uno de los mayores incentivos que tienen para participar.	8	1	N
incesto	Ana também foi presa, acusada de adultério e incesto.	8	incesto	Fue acusado por sus adversarios de adulterio e incesto.	8	1	N
incidente	Um incidente filmado envolvendo um rebelde desconhecido foi visto em todo o mundo.	1	incidente	La prensa se les echó encima después de estos incidentes.	9	1	N
incenso	Os cristãos adotaram cedo o uso do incenso.	7	incienso	Es común ofrecer velas, incienso, flores y otros objetos a estos altares.	4	1	N
incerto	O número de mortos foi incerto.	5	incierto	Sin embargo, estos hechos son inciertos.	5	1	A
incisão	Várias outras incisões no abdômen foram causadas pela mesma faca.	2	incisión	Las incisiones, a menudo combinadas, buscaban efectos simétricos.	1	1	A
inclinação	É formada por três arcos de meio ponto, com dupla inclinação.	10	inclinación	Muchos de los planetas extrasolares existentes en otros sistemas solares poseen altos valores de inclinación orbital.	14	1	A
incluir	Sua turnê era extravagante, onde incluía como tema o cabaré e circo.	5	incluir	Las especies incluyen principalmente árboles y arbustos, con algunas trepadoras y herbáceas.	2	1	V
incomparável	Mesmo dentro da física, os métodos podem variar e serem incomparáveis.	10	incomparable	Tenía un talento incomparable para adaptar sus discursos a el carácter de sus clientes.	3	1	A
incompatível	Fortemente oxidante, é incompatível com a maioria dos produtos orgânicos.	3	incompatible	Esta dimensión restringida le parece en esencia incompatible con el ejercicio de la libertad auténtica.	7	1	A
incompetência	Esta invasão inicial foi compromissada por uma combinação de incompetência e tempestades severas.	9	incompetencia	Sus detractores le acusaron de incompetencia técnica, mientras el papa le daba su apoyo.	5	1	A
incompleto	Foi inaugurada incompleta, sem passarelas ou pintura externa.	2	incompleto	El descenso incompleto del testículo se llama criptorquidia.	2	1	A
incondicional	Representa o desejo de compartilhar incondicionalmente.	5	incondicional	Estas virtudes despiertan la lealtad más incondicional en sus siervos.	6	1	A
inconsistente	Isto acontece porque teorias inconsistentes provam tudo, incluindo sua consistência.	4	inconsistente	El problema más importante es la escritura deficiente e inconsistente.	9	1	A
incontável	Entre escravo e liberto, há incontáveis dissimilitudes.	5	incontable	Desde entonces, el vampiro, ha protagonizado incontables producciones cinematográficas.	6	1	A
incontinência	Pode também aparecer incontinência urinária.	3	incontinencia	Se denomina incontinencia urinaria al control pobre o ausente de la micción.	2	1	N
incorporar	Abordagens em economia do desenvolvimento frequentemente incorporam fatores políticos e sociais.	6	incorporar	Se tuvieron que incorporar muchas mecánicas nuevas para compensar.	3	1	V
incubação	O período de incubação é entre uma a três semanas, geralmente duas.	3	incubación	El período de incubación de los huevos es de seis a ocho días.	3	1	N
incubadora	Os ovos são mantidos em incubadoras.	5	incubadora	Después de ser tratados, vuelven a la incubadora principal.	7	1	N
incubar	A fêmea põe em média dois ovos de cor lilás, que incuba sozinha.	11	incubar	La hembra incuba durante doce a catorce días antes de la eclosión.	2	1	V
inquestionável	Nada nos permite saber da sua inquestionável antiguidade.	6	incuestionable	Ella se convertiría en el amor incuestionable de su vida.	6	1	A
inculcar	Estas ideais se inculcam aos membros de cada grupo desde a infância.	3	inculcar	Aboga por inculcar valores y códigos de comportamiento sionistas en la educación infantil.	2	1	V
incurável	A causa oficial de sua morte foi registrada como uma doença incurável dos vasos sanguíneos.	11	incurable	Fue hija de padres que no estaban casados, hecho que le provocó una amargura incurable.	14	1	A
incursão	Estas incursões eram quase sempre formadas por aventureiros à procura de ouro.	1	incursión	Sin embargo, actuaron en conjunto para defenderse de las incursiones mexicas.	9	1	N
indevido	Aproveitamento indevido na celebração do negócio jurídico.	1	indebido	Además de la colocación indebida de los pies.	4	1	A
indefinido	Estes cartões só permitem fazer uma ligação de duração indefinida.	9	indefinido	El punto de ebullición no puede elevarse en forma indefinida.	9	1	A
indenização	Os dois beneficiários da indenização também foram condenados.	4	indemnización	Este a su vez servirá como legitimación para exigir la indemnización del daño.	10	1	N
independência	Até hoje, sua independência não foi reconhecida por nenhum país.	3	independencia	Su objetivo fundamental es la lucha por la independencia y el socialismo.	8	1	N
independente	Não sou eu quem categorizo a literatura galega como independente e autónoma de outras literaturas próximas.	9	independiente	Ahora ya se piensa en un origen independiente.	7	1	A
indignação	Esse ato causou surpresa e indignação em muitos ativistas locais.	5	indignación	El ataque provocó la indignación nacional y reforzó el movimiento de los derechos civiles.	4	1	N
indigno	Tertuliano também duvidava de elas como sendo indignas.	7	indigno	Permitió sacerdotes que en muchos casos eran indignos.	7	1	A
indireto	A fecundação normalmente é externa com desenvolvimento indireto, ou seja, como formação de larvas.	7	indirecto	Es un método indirecto que sirve para determinar la distribución de la grasa abdominal.	3	1	A
indisciplina	A indisciplina pesaria para que chegasse a ficar um ano sem defender o país.	1	indisciplina	Atribuyó su derrota a la indisciplina del ejército y a la escasez de material bélico.	5	1	A
indistinguível	São virtualmente indistinguíveis sob o microscópio electrónico.	2	indistinguible	En una misma célula, varios potenciales de acción consecutivos son prácticamente indistinguibles.	11	1	A
individual	Espaço para estudo individual e em grupo.	3	individual	El rito funerario era inicialmente de inhumación individual bajo túmulo.	7	1	A
individualidade	"Possível perda da individualidade; sensação de consolidação com o divino."	3	individualidad	Se privilegia la individualidad como materia de crítica.	3	1	N
individualismo	Ele dizia que o individualismo é útil para a sociedade.	4	individualismo	Estas fueron la base para el concepto más elaborado de individualismo que conocemos hoy.	10	1	N
individualista	Esse instinto é individualista, ele não induz a qualquer vida social.	3	individualista	La economía por supuesto es liberal y la sociedad fuertemente individualista.	10	1	A
individualizar	A introdução dos computadores no ensino tinha como propósito individualizar a instrução.	9	individualizar	Dentro de Villa Adelina se pueden individualizar distintos barrios.	6	1	V
indivíduo	Um determinado indivíduo, por exemplo, apresenta concretamente a propriedade de falar inglês.	2	individuo	En cada generación, se evalúa la aptitud de cada individuo en la población.	9	1	N
induzir	Esta música permite induzir a presença de uma temática existencial.	3	inducir	Este campo inducía a su vez una corriente eléctrica alterna en las bobinas de alambre adyacentes.	2	1	V
indutivo	Um bom argumento indutivo terá uma conclusão altamente provável.	3	inductivo	El razonamiento inductivo es aquel que va de lo particular a lo general.	2	1	A
indústria	A indústria é a principal base de sua economia, seguida pelo comércio e turismo.	1	industria	Ésta es el centro de la industria de alta tecnología de la región.	6	1	N
industrial	Durante a era comunista, o desenvolvimento industrial acelerou significativamente.	6	industrial	Un pequeño sector industrial abastece al mercado local.	3	1	A
industrialização	A guerra acelerou o processo de industrialização do estado.	6	industrialización	El crecimiento económico y la industrialización han dañado el medio ambiente.	5	1	A
ineficaz	Os militares cubanos foram notavelmente ineficazes.	5	ineficaz	Los antibióticos son ineficaces contra el resfriado común y también contra cualquier otra infección viral.	3	1	A
inércia	Muitos criticaram esta inércia por parte do governo.	3	inercia	La inercia avasalladora de la irrupción se había generado.	1	1	N
inerte	Em ambas concepções, a matéria é passiva ou inerte.	8	inerte	En muchas aplicaciones, los gases nobles se utilizan para formar una atmósfera inerte.	12	1	A
intermitente	Os rios são intermitentes, ou seja, fluem somente em a estação de as chuvas.	3	intermitente	Especialmente cuando el conductor no usa los intermitentes.	7	0	N/A
Chefes	Tradicionalmente ao recepcionar Chefes de Estado, o papa e o convidado trocam presentes mútuos.	3	Jefes	Sesenta Jefes de Estado y de Gobierno asistieron a la cumbre.	1	1	N
jornal	Ler um jornal impresso ainda é uma atividade muito apreciada nesta cidade.	2	jornal	El esclavo a jornal poseía derechos diferenciados respecto a otros tipos de esclavos.	3	0	N
jovem	Durante esta época o jovem já frequentava teatros e outros meios artísticos.	4	joven	La joven aumentaba su hermosura colocando se en sus espesos y negros cabellos lazos de colores.	1	1	N
judia	Ela não se considerava judia.	4	judía	Otros productos importantes son el camote, calabazas, zanahorias, judías, pimientos y ajo.	8	0	N/A
juro	Ele quer seu dinheiro de volta, e com juros.	8	juro	Un diluvio, lo juro por Dios '.	3	0	N
ladrilho	Revestimentos como azulejos, ladrilhos e cerâmicas são aplicados sobre o emboço.	4	ladrillo	Existen muchas fábricas de ladrillos, materiales de construcción y una de producción de cemento.	4	0	N
lavagem	É recomendada a lavagem frequente das mãos.	3	lavado	En las rinitis atróficas se aconseja lavados nasales y aplicación tópica de lubricantes.	6	1	N
lençol	De seguida, colocou um lenço sobre a sua face para evitar alarmar a tripulação.	4	lienzo	Deprimido, destruyó toda una serie de lienzos.	6	0	N
manteiga	A criação de gado bovino traz consigo a produção de manteiga.	10	manteca	Otro guiso es el cocido de garbanzos bien provisto de manteca y morcilla.	10	0	N
maçã	Também há lugar à produção de fruta, principalmente maçãs, dióspiros e kiwis.	8	manzana	Cada manzana de la red urbana tenía, por lo menos, dos casas.	1	0	N
mais	De entre os vírus isométricos, o formato mais comum é o de simetria icosaédrica.	7	más	El mes de más lluvias suele ser abril.	3	1	R
mas	Não é problema para mim, que falo inglês, mas pode ser para outros.	8	más	Más tarde, los futuros profesores serían precisamente alemanes.	0	0	C
massa	Mais comumente, as folhas aromáticas são adicionadas inteiras aos molhos de massas italianas.	11	masa	Elaborado a base de una masa de coco y leche que posteriormente es horneada.	5	0	N
maior	A maior parte dos acidentes geográficos venusianos recebe o nome de mulheres históricas e mitológicas.	1	mayor	Actualmente se buscan estrategias como la anterior para conseguir una mayor seguridad en el proceso.	10	1	A
melhorar	Apesar do crescimento económico de o país, muitos vivem ainda numa pobreza abjeta, e a situação não parece melhorar.	18	mejorar	A medida que avanza el juego, los jugadores van acumulando puntos de experiencia para mejorar habilidades del personaje de cada jugador.	14	1	V
menino	Eles tiveram cinco filhos, uma menina e quatro meninos.	8	menino	Los personajes son tratados de forma naturalista, ya sea la menina Agustina Sarmiento ofreciendo la cerámica con agua o la propia infanta Margarita.	10	0	N
menos	Exige irrigação intensa na primavera e verão, menos durante o inverno.	7	menos	El pelaje de invierno es más gris y tiene menos franjas que el de verano.	9	1	C
marmelada	Quanto mais tempo ferver, mais escura fica a marmelada.	8	mermelada	Así, una mermelada de fresa elaborada según métodos tradicionales es de color amarronado.	2	0	N
morro	O município apresenta um relevo de morros, contendo serras situadas mais a noroeste.	6	morro	El morro sobresale marcadamente de la cabeza y es obtuso.	1	0	N
neto	Antes de entrar no convento, distribuiu os seus bens pelos netos.	10	neto	Ello se puede complementar con el balance neto	7	0	N
ninho	Os filhotes já saem do ninho com a plumagem do sexo correspondente.	5	niño	Desde niño tuvo una salud muy frágil.	1	0	N/A
nota	As notas de cinco, dez, cinquenta e cem pesos foram substituídas por moedas.	1	nota	Por definición, los acordes se producen cuando diversas notas suenan al mismo tiempo.	8	0	N
novo	Para eleger a nova bandeira, se apresentaram diversos grupos de propostas.	3	nuevo	El primer acto de el nuevo emperador fue verdaderamente simbólico.	5	1	A
novos	Presentemente a serie já está em seu sexto episódio, contando sempre com novos personagens.	12	nuevos	Los nuevos automóviles se han vuelto más ampliamente disponibles después de la reconstrucción de caminos y carreteras.	1	1	A
oficina	Promove eventos culturais e oficinas de pintura.	4	oficina	Muchas oficinas de correo ofrecen también servicios bancarios.	1	0	N
oposição	Sob a ditadura militar, editou numerosas publicações de oposição ao regime.	8	oposición	Esta fuerte oposición abocó al proyecto a su fracaso.	2	1	N
osso	O esqueleto é composto por ossos, ligamentos e tendões.	5	oso	Hacia el centro y en toda la parte norte y este del estado en donde típicamente venados cola blanca, onza, jaguar y oso negro.	22	0	N
padre	Os padres jesuítas foram os fundadores de aldeias que chamavam se missões ou reduções.	1	padre	Su padre, debido a la vida que llevaba, dejó de enviarle ayuda.	1	0	N
parelha	Antes do surto emigratório de os anos 60 e 70, havia muitas famílias que possuíam vacas, geralmente uma parelha.	18	pareja	Se fueron de viaje con otras dos parejas.	5	0	N
passeio	A estrada era apertada e tinha passeios para os peões de ambos os lados.	6	paseo	Destacan el paseo en tranvía eléctrico y su centro de documentación.	2	0	N
pasta	Quando regressou novamente a Portugal, voltou a assumir as duas pastas anteriores.	10	pasta	Si la pasta contiene huevo, esta posee más proteína.	2	0	N
paço	Mas este duque não se limitou a levantar o Paço de Vila Viçosa.	9	pazo	El pazo barroco inclúye salas de arqueología y colección de pintura gallega.	1	0	N
pegada	Conhecida principalmente pela presença de centenas de pegadas fossilizadas de dinossauros.	7	pegada	Va pegada justo encima de la tabla.	1	0	N
pelo	O relacionamento, pelo menos de parte de Adriano, sem dúvida era apaixonado, mas foi efêmero.	2	pelo	El pelo se vuelve frágil, seco, deslucido y tiende a caerse.	1	0	N
pequeno	Uma pequena muralha protetora foi adicionada depois.	1	pequeño	Es una región llana, con apenas algunas colinas pequeñas.	8	1	A
perdão	Apesar de isso, alguns anos depois a mãe lhe pediu o perdão.	11	perdón	Pido perdón por la confusión.	0	1	N
peru	Enquanto ele escreve, ela se aproxima de a mesa, prova um gole de vinho, umas uvas, e vislumbra uma faca afiada e pontiaguda, usada para cortar um peru.	27	Perú	También quería postular a la presidencia del Perú.	7	0	N
pinha	Os esquilos recolhem as pinhas de essas árvores, enquanto os pássaros conseguem as sementes extraindo-os com seus bicos.	4	piña	La producción de piña y uvas van creciendo en importancia.	3	0	N
pouco	Há poucas indústrias de transformação no país.	1	poco	Con este nuevo disco la banda cambió un poco su estilo.	8	1	A
político	O subterfúgio político também pode negar o devido reconhecimento.	2	político	El álbum llevaba un mensaje político.	5	1	N/A
polvo	Os polvos atacam quando se sentem ameaçados.	1	polvo	Es un cristal incoloro o un polvo blanco, y un oxidante muy estable y fuerte.	6	0	N
posse	Em seu discurso de posse, prometeu erradicar a pobreza e mudar o sistema tributário.	4	pose	Moviendo y reemplazando las partes se obtienen diversas poses, y así se da vida al personaje.	8	0	N
prejuízo	O prejuízo financeiro e político fora grave.	1	prejuicio	A esto se sumó los prejuicios que existían contra las mujeres instrumentistas.	5	0	N
prenda	É costume as pessoas visitarem e trazerem uma prenda para a criança.	8	prenda	En estos días se pueden adquirir prendas de vestir y artesanías de estas etnias.	6	0	N
apresentam	Um estudo de revisão concluiu que os tratamentos homeopáticos não são eficazes nem apresentam qualquer diferença em relação a placebos.	13	presentan	Existen numerosas agrupaciones en la ciudad que se presentan en numerosos eventos.	8	1	V
presunto	Não podemos esquecer os enchidos, como as alheiras, o salpicão e presunto.	11	presunto	Los presuntos implicados procedían de la zona norte del país.	1	0	N/A
pressuposto	Mas este é apenas um pressuposto de uma doutrina que vai mais além.	5	presupuesto	Entre sus labores, define los objetivos y aprueba los presupuestos.	9	0	N/A
primeiro	Os primeiros objetos em cobre são pequenos punhais quase triangulares.	1	primero	Nativos americanos algonquinos vivían en la región desde unos años antes de la llegada de los primeros europeos.	16	1	A
progresso	O comércio e a indústria estavam em franco progresso.	8	progreso	A día de hoy, no se ha conseguido progreso en esta dirección.	8	1	N
pronto	Estava pronto o cenário para a revolução.	1	pronto	Los hombres que lo exiliaron pronto lo convirtieron en un modelo para la república brasileña	5	0	A
poente	As saídas naturais são para norte, sul e poente.	8	puente	Las viviendas las unen mediante puentes de madera y plataformas en suspensión.	5	0	N
queixo	O queixo não toca o tórax.	1	queso	En algunos estados se hacen con queso de cabra, carne de chivo y cordero.	6	0	N
quintal	A escola foi aberta dentro do quintal de sua casa.	6	quintal	Decidió ratificar el contrato si se pagaba un impuesto de 10 centavos sobre quintal exportado de territorio boliviano.	13	0	N
rapaz	Alguns anos se passaram e a criança transformou se em um rapaz.	11	rapaz	A finales de invierno llegan de África las cigüeñas y aves rapaces migratorias.	11	0	N
rato	Inventa também uma ratoeira elétrica para caçar os ratos no quarto da pensão.	8	rato	Al cabo de un rato, una sección entera del edificio se derrumbó.	4	0	N
receita	Mas a receita original comporta muitas variações.	2	receta	Sin embargo, la receta original ya usaba la vainilla natural.	3	1	N
reformado	Também eram militares reformados: Jarbas Passarinho e Ney Braga.	3	reformado	La mayor parte de el hidrógeno comercial se produce mediante el reformado catalítico de gas natural o de hidrocarburos líquidos.	11	0	N/A
reparar	Quando acordou, o menino reparou que estava sozinho na praia.	4	reparar	El alimento se emplea para generar y reparar tejidos y obtención de energía.	7	0	V
requer	Assim, uma consideração em termos de processos cíclicos requer pelo menos quatro sistemas de componentes contributivos	8	requiere	Otra demostración de este experimento requiere del uso de cálculo integral.	5	1	V
respeito	Os dois homens tinham uma boa relação de trabalho e respeito mútuo.	10	respeto	Alejandro sentía simpatía y respeto por este pintor e incluso se sometía a sus exigencias.	4	1	N
roxo	Suas terras são brancas, arenosas, mestiças e roxas.	7	rojo	El tablero estaba hecho de mármol y tenía cuadrados de color rojo y blanco.	11	0	A
romance	Especializou-se em romances envolvendo espionagem e política internacional.	2	romance	Rivera tuvo un romance con Cristina, la hermana pequeña de Frida.	3	0	N
ruivo	Ela tinha uma baixa estatura, cabelos ruivos, grandes olhos azuis e rosto arredondado.	6	rubio	Annie en el manga es rubia y en el anime es de cabello oscuro.	5	0	A
salada	O feta é um ingrediente importante na salada grega.	7	salada	La ración de alimentos diaria fue creciendo y se le proporcionaba trigo, sal, vino, vinagre, carne fresca y carne salada.	19	0	N/A
salsa	A salsa fresca é rica em vitaminas e a sua celulose ajuda o movimento intestinal.	1	salsa	El kétchup tiene más sal que la salsa de tomate.	7	0	N
segurança	Nada pode garantir a segurança total dum computador.	4	seguridad	Las medidas de seguridad en todos los accesos a la cámara son extremas.	3	1	N
seta	Seu símbolo, um círculo com uma seta apontando para o lado superior direito, também é usado como símbolo do sexo masculino.	6	seta	Los productos típicos de la zona son las setas de cardo y el queso de cabra.	8	0	N
seguinte	Os que conseguissem superar, seriam automaticamente promovidos para o ano seguinte.	10	siguiente	Para ilustrar este punto, veamos lo siguiente.	6	1	A
sobre	Este valor está sendo revisado, havendo novos estudos sobre os seus efeitos a saúde.	8	sobre	Una analogía para firmas digitales es el sellado de un sobre con un sello personal.	10	0	N/P
sobremesa	As sobremesas, doces e pastelaria navarras são muito variadas.	1	sobremesa	Y así, durante la sobremesa, Francisco Castro se convirtió en el plan.	4	0	N
sótão	O edifício possui planta regular, telhado de duas águas, sótão iluminado e porão alto.	9	sótano	Fue descubierto y arrestado mientras salía del sótano, poco después de la medianoche.	7	0	N
sucesso	A ingestão de multivitamínicos é essencial para o sucesso da dieta.	8	suceso	Fueron ellos quienes informaron a la familia del trágico suceso.	9	0	N/A
sonho	O Majestoso não existia nem em sonho.	6	sueño	El bostezo puede desencadenar se por múltiples estímulos, como ver a alguien que bosteza, participar en una labor aburrida, o tener sueño.	21	0	N
sono	Em o segundo momento, ocorre descontrole, falta de coordenação motora e sono.	11	sueño	Sus aventuras como caballero andante son solo un sueño difuso.	8	0	N
sorte	Sua sorte começou a mudar porém, com a própria sorte da guerra.	1	suerte	Sin embargo, la suerte de ambos cambió radicalmente.	3	1	N
sofrer	A cidade sofre atualmente com o excesso de veículos.	2	sufrir	El cine sufrió no solo la censura, sino además la manipulación.	2	1	V
suspender	Mas este se recusou a suspender o ataque.	5	suspender	Al suspender el examen de geología en 1887, perdió la beca.	1	0	V
talher	Deve ser comido apenas com as mãos, jamais com talheres.	9	taller	También tiene un moderno taller de restauración.	4	0	N
talho	A nível de estabelecimentos, o povo tinha o seu dispor padarias, mercearias, talhos, cervejarias e uma fábrica de manteiga.	13	tallo	Los tallos son huecos y tabicados en los nudos y de ellos se desprenden raíces zancudas.	1	0	N
também	Também se destacam suas indústrias de equipamentos e mecânicas.	0	también	También distingue entre un lenguaje común y un lenguaje estético y metafórico.	0	1	A
tapete	O público que assiste ao espetáculo se senta em almofadas e tapetes no chão.	11	tapete	Dicho tapete tiene una serie de recuadros para efectuar las apuestas.	1	0	N
taça	Levantou a taça do Pernambucano.	2	taza	Hervir 5 minutos, dos o tres tazas al día.	6	0	N
telefone	O serviço telefônico móvel, por telefone celular, é oferecido por diversas operadoras.	5	teléfono	O también pueden solicitarse por teléfono.	5	1	N
termo	O termo se refere tanto às algas como algumas espécies de plantas vasculares.	1	termo	"Dado que sus mapas eran muy antiguos, decidieron aventurar se entre las dunas de arena con algunas uvas, un termo de café, una naranja y un poco de vino; solo tenían líquido para un día."	19	0	N
tempo	Contudo, com o tempo, seu verdadeiro nome apareceu.	3	tiempo	Saca cada cierto tiempo nuevos sistemas operativos.	3	1	N
tudo	Tentou de tudo depois de aquele trágico acidente.	2	todo	Y aquí todo se refiere a la totalidad del ente.	2	1	C
torto	Suas pernas tortas já não corriam como antes.	2	tuerto	Según otros historiadores, Aníbal sufrió una oftalmía que le dejó tuerto.	10	0	A
último	A entrada na água é o último item que o juiz avalia.	6	último	Sus últimos trabajos se desarrollaron en el mundo del doblaje.	1	1	A
vasilha	Costumavam enterrar seus mortos, direta ou indiretamente, em vasilhas de cerâmica.	8	vajilla	El lavavajillas cuenta con una o más bandejas deslizantes en las que se coloca la vajilla.	15	0	N
valha	Para uma vida que valha a pena ser vivida é preciso ter coragem e energia para decidir.	4	valla	Mientras se repartió la tierra, no se asignó fondos para la construcción de la valla.	14	0	N
venda	É também famosa pela venda de tapetes orientais, móveis e outros artesanatos.	4	venda	Sus damas le quitaron el tocado y ataron una venda sobre sus ojos.	9	0	N
vingança	O rei então, por vingança, cegou o caçador.	4	venganza	El perro como venganza le provoca la muerte.	3	1	N
surdo	Durante as férias na Grécia, seu pai ficou surdo dum ouvido.	8	zurdo	Una persona zurda debe hacer la conversión correspondiente.	2	0	A